Project Name,Java File,Line No.,Abbreviation2BeTested,EnclosingIdentifier,Contexts,Type of Identifiers,Full Terms,URL,Necessity4Expansion(manual Label),Necessity4Expansion(Prediction),Java Command 2 Test This Item
dubbo,D:\FSE2021\dataSet\dubbo-master\dubbo-master\dubbo-common\src\main\java\org\apache\dubbo\common\compiler\support\ClassUtils.java,52,e,e,instantiation#exception,variableName,exception,https://github.com/apache/dubbo/blob/master/dubbo-common/src/main/java/org/apache/dubbo/common/compiler/support/ClassUtils.java#L52,0,0,java FindCasualNames.main.smartExpander e e instantiation#exception variableName exception dubbo
davmail,D:\FSE2021\dataSet\davmail-master\davmail-master\src\java\davmail\ui\tray\SwtGatewayTray.java,174,url,imageUrl,url#image#classloader#resource,variableName,uniform resource locator,https://github.com/mguessan/davmail/blob/master/src/java/davmail/ui/tray/SwtGatewayTray.java#L174,0,0,java FindCasualNames.main.smartExpander url imageUrl url#image#classloader#resource variableName uniform resource locator davmail
jedit,D:\FSE2021\dataSet\jedit-master\jedit-master\org\gjt\sp\jedit\bsh\Remote.java,47,args,args,string#main,parameterName,arguments,https://github.com/romuloceccon/jedit/blob/master/org/gjt/sp/jedit/bsh/Remote.java#L47,0,0,java FindCasualNames.main.smartExpander args args string#main parameterName arguments jedit
drjava,D:\FSE2021\dataSet\drjava-master\drjava-master\drjava\src\edu\rice\cs\drjava\model\debug\jpda\JPDADebugger.java,1609,val,val,primitive#value#thread#reference#object,parameterName,value,https://github.com/DrJavaAtRice/drjava/blob/master/drjava/src/edu/rice/cs/drjava/model/debug/jpda/JPDADebugger.java#L1609,0,0,java FindCasualNames.main.smartExpander val val primitive#value#thread#reference#object parameterName value drjava
docfetcher,D:\FSE2021\dataSet\docfetcher-master\docfetcher-master\src\net\sourceforge\docfetcher\gui\Application.java,648,img,img,image#file#is#idrectory,variableName,image,https://github.com/vivainio/docfetcher/blob/master/src/net/sourceforge/docfetcher/gui/Application.java#L648,0,0,java FindCasualNames.main.smartExpander img img image#file#is#idrectory variableName image docfetcher
dubbo,D:\FSE2021\dataSet\dubbo-master\dubbo-master\dubbo-common\src\main\java\org\apache\dubbo\common\io\Bytes.java,397,bs,bs,bytes#hex#byte#off#len,parameterName,byte array,https://github.com/apache/dubbo/blob/master/dubbo-common/src/main/java/org/apache/dubbo/common/io/Bytes.java#L397,1,0,java FindCasualNames.main.smartExpander bs bs bytes#hex#byte#off#len parameterName byte array dubbo
docfetcher,D:\FSE2021\dataSet\docfetcher-master\docfetcher-master\src\net\sourceforge\docfetcher\build\BuildMain.java,177,dst,dstMainJar,string#main#jar#format,variableName,destionation,https://github.com/vivainio/docfetcher/blob/master/src/net/sourceforge/docfetcher/build/BuildMain.java#L177,1,1,java FindCasualNames.main.smartExpander dst dstMainJar string#main#jar#format variableName destionation docfetcher
drjava,D:\FSE2021\dataSet\drjava-master\drjava-master\drjava\src\edu\rice\cs\drjava\model\compiler\DefaultCompilerModel.java,498,ioe,ioe,catch#io#exception,variableName,io exception,https://github.com/DrJavaAtRice/drjava/blob/master/drjava/src/edu/rice/cs/drjava/model/compiler/DefaultCompilerModel.java#L498,0,0,java FindCasualNames.main.smartExpander ioe ioe catch#io#exception variableName io exception drjava
dubbo,D:\FSE2021\dataSet\dubbo-master\dubbo-master\dubbo-common\src\main\java\org\apache\dubbo\common\json\GenericJSONConverter.java,479,pn,pn,string#pn#pns,forVariableName,property name,https://github.com/apache/dubbo/blob/master/dubbo-common/src/main/java/org/apache/dubbo/common/json/GenericJSONConverter.java#L479,1,1,java FindCasualNames.main.smartExpander pn pn string#pn#pns forVariableName property name dubbo
dubbo,D:\FSE2021\dataSet\dubbo-master\dubbo-master\dubbo-common\src\main\java\org\apache\dubbo\common\bytecode\CustomizedLoaderClassPath.java,65,cl,cl,classloader,variableName,classloader,https://github.com/apache/dubbo/blob/master/dubbo-common/src/main/java/org/apache/dubbo/common/bytecode/CustomizedLoaderClassPath.java#L65,0,0,java FindCasualNames.main.smartExpander cl cl classloader variableName classloader dubbo
jedit,D:\FSE2021\dataSet\jedit-master\jedit-master\org\gjt\sp\jedit\browser\VFSBrowser.java,264,dwm,dwm,dockable#window#manager#view,variableName,dockable window manager,https://github.com/romuloceccon/jedit/blob/master/org/gjt/sp/jedit/browser/VFSBrowser.java#L264,0,0,java FindCasualNames.main.smartExpander dwm dwm dockable#window#manager#view variableName dockable window manager jedit
drjava,D:\FSE2021\dataSet\drjava-master\drjava-master\drjava\src\edu\rice\cs\drjava\config\DrJavaPropertySetup.java,1194,cmd,cmd,string#attributes#get,variableName,command,https://github.com/DrJavaAtRice/drjava/blob/master/drjava/src/edu/rice/cs/drjava/config/DrJavaPropertySetup.java#L1194,0,0,java FindCasualNames.main.smartExpander cmd cmd string#attributes#get variableName command drjava
drjava,D:\FSE2021\dataSet\drjava-master\drjava-master\drjava\src\edu\rice\cs\drjava\model\AbstractGlobalModel.java,1034,rem,remAuxFile,rem#aux#file,methodName,remove,https://github.com/DrJavaAtRice/drjava/blob/master/drjava/src/edu/rice/cs/drjava/model/AbstractGlobalModel.java#L1034,1,1,java FindCasualNames.main.smartExpander rem remAuxFile rem#aux#file methodName remove drjava
docfetcher,D:\FSE2021\dataSet\docfetcher-master\docfetcher-master\src\net\contentobjects\jnotify\linux\JNotifyAdapterLinux.java,562,num,unitTest_getNumWatches,unit#test#get#num#watches,methodName,number,https://github.com/vivainio/docfetcher/blob/master/src/net/contentobjects/jnotify/linux/JNotifyAdapterLinux.java#L562,0,0,java FindCasualNames.main.smartExpander num unitTest_getNumWatches unit#test#get#num#watches methodName number docfetcher
drjava,D:\FSE2021\dataSet\drjava-master\drjava-master\drjava\src\edu\rice\cs\drjava\config\RecursiveFileListProperty.java,85,f,f,file#remove#excluded,parameterName,file,https://github.com/DrJavaAtRice/drjava/blob/master/drjava/src/edu/rice/cs/drjava/config/RecursiveFileListProperty.java#L85,0,0,java FindCasualNames.main.smartExpander f f file#remove#excluded parameterName file drjava
dubbo,D:\FSE2021\dataSet\dubbo-master\dubbo-master\compiler\src\main\java\org\apache\dubbo\gen\AbstractGenerator.java,192,ctx,ctx,context#service#absolute#file#name,parameterName,context,https://github.com/apache/dubbo/blob/master/compiler/src/main/java/org/apache/dubbo/gen/AbstractGenerator.java#L192,0,0,java FindCasualNames.main.smartExpander ctx ctx context#service#absolute#file#name parameterName context dubbo
dubbo,D:\FSE2021\dataSet\dubbo-master\dubbo-master\dubbo-common\src\main\java\org\apache\dubbo\common\bytecode\CustomizedLoaderClassPath.java,65,cl,cl,classloader,variableName,classloader,https://github.com/apache/dubbo/blob/master/dubbo-common/src/main/java/org/apache/dubbo/common/bytecode/CustomizedLoaderClassPath.java#L65,0,0,java FindCasualNames.main.smartExpander cl cl classloader variableName classloader dubbo
drjava,D:\FSE2021\dataSet\drjava-master\drjava-master\drjava\src\edu\rice\cs\drjava\config\DrJavaPropertySetup.java,929,sep,sep,string#value,parameterName,string escape,https://github.com/DrJavaAtRice/drjava/blob/master/drjava/src/edu/rice/cs/drjava/config/DrJavaPropertySetup.java#L929,1,1,java FindCasualNames.main.smartExpander sep sep string#value parameterName string escape drjava
davmail,D:\FSE2021\dataSet\davmail-master\davmail-master\archive\jsmooth-0.9.9-7-patch\src\net\charabia\util\codec\IcoCodec.java,158,w,w,int#img#get#width,variableName,width,https://github.com/mguessan/davmail/blob/master/archive/jsmooth-0.9.9-7-patch/src/net/charabia/util/codec/IcoCodec.java#L158,0,0,java FindCasualNames.main.smartExpander w w int#img#get#width variableName width davmail
drjava,D:\FSE2021\dataSet\drjava-master\drjava-master\drjava\src\edu\rice\cs\drjava\config\DrJavaPropertySetup.java,1079,pm,pm,property#maps#update,parameterName,property maps,https://github.com/DrJavaAtRice/drjava/blob/master/drjava/src/edu/rice/cs/drjava/config/DrJavaPropertySetup.java#L1079,0,0,java FindCasualNames.main.smartExpander pm pm property#maps#update parameterName property maps drjava
docfetcher,D:\FSE2021\dataSet\docfetcher-master\docfetcher-master\src\net\sourceforge\docfetcher\gui\indexing\RegexTestPanel.java,59,bt,fileChooserBt,button#file#chooser#util,variableName,button,https://github.com/vivainio/docfetcher/blob/master/src/net/sourceforge/docfetcher/gui/indexing/RegexTestPanel.java#L59,0,0,java FindCasualNames.main.smartExpander bt fileChooserBt button#file#chooser#util variableName button docfetcher
drjava,D:\FSE2021\dataSet\drjava-master\drjava-master\drjava\src\edu\rice\cs\drjava\config\ResourceBundleConfiguration.java,62,str,str,string#bundle#get#name,variableName,string,https://github.com/DrJavaAtRice/drjava/blob/master/drjava/src/edu/rice/cs/drjava/config/ResourceBundleConfiguration.java#L62,0,0,java FindCasualNames.main.smartExpander str str string#bundle#get#name variableName string drjava
jedit,D:\FSE2021\dataSet\jedit-master\jedit-master\org\gjt\sp\jedit\AbstractOptionPane.java,127,comp,comp,new#label#string#component,parameterName,component,https://github.com/romuloceccon/jedit/blob/master/org/gjt/sp/jedit/AbstractOptionPane.java#L127,0,0,java FindCasualNames.main.smartExpander comp comp new#label#string#component parameterName component jedit
davmail,D:\FSE2021\dataSet\davmail-master\davmail-master\src\java\davmail\exchange\ews\RecurrenceFieldUpdate.java,38,cal,calDayToDayOfWeek,day#to#of#week,variableName,calculate,https://github.com/mguessan/davmail/blob/master/src/java/davmail/exchange/ews/RecurrenceFieldUpdate.java#L38,0,1,java FindCasualNames.main.smartExpander cal calDayToDayOfWeek day#to#of#week variableName calculate davmail
drjava,D:\FSE2021\dataSet\drjava-master\drjava-master\drjava\src\edu\rice\cs\drjava\model\debug\jpda\EventHandlerThread.java,105,de,de,disconnected#exception,variableName,disconnected exception,https://github.com/DrJavaAtRice/drjava/blob/master/drjava/src/edu/rice/cs/drjava/model/debug/jpda/EventHandlerThread.java#L105,0,0,java FindCasualNames.main.smartExpander de de disconnected#exception variableName disconnected exception drjava
jedit,D:\FSE2021\dataSet\jedit-master\jedit-master\org\gjt\sp\jedit\bsh\classpath\ClassManagerImpl.java,389,cl,cl,class#loader#discrete#files#class#loader,variableName,class loader,https://github.com/romuloceccon/jedit/blob/master/org/gjt/sp/jedit/bsh/classpath/ClassManagerImpl.java#L389,0,0,java FindCasualNames.main.smartExpander cl cl class#loader#discrete#files#class#loader variableName class loader jedit
dubbo,D:\FSE2021\dataSet\dubbo-master\dubbo-master\dubbo-common\src\main\java\org\apache\dubbo\common\extension\support\WrapperComparator.java,32,o,o2,object#o1#compare,parameterName,object,https://github.com/apache/dubbo/blob/master/dubbo-common/src/main/java/org/apache/dubbo/common/extension/support/WrapperComparator.java#L32,0,0,java FindCasualNames.main.smartExpander o o2 object#o1#compare parameterName object dubbo
dubbo,D:\FSE2021\dataSet\dubbo-master\dubbo-master\dubbo-config\dubbo-config-spring\src\main\java\org\apache\dubbo\config\spring\schema\DubboBeanDefinitionParser.java,208,ref,refBean,bean#definition#parser#context#registry,variableName,reference,https://github.com/apache/dubbo/blob/master/dubbo-config/dubbo-config-spring/src/main/java/org/apache/dubbo/config/spring/schema/DubboBeanDefinitionParser.java#L208,0,0,java FindCasualNames.main.smartExpander ref refBean bean#definition#parser#context#registry variableName reference dubbo
dubbo,D:\FSE2021\dataSet\dubbo-master\dubbo-master\dubbo-common\src\main\java\org\apache\dubbo\common\json\Yylex.java,456,num,numRead,int#reader,variableName,number,https://github.com/apache/dubbo/blob/master/dubbo-common/src/main/java/org/apache/dubbo/common/json/Yylex.java#L456,0,0,java FindCasualNames.main.smartExpander num numRead int#reader variableName number dubbo
jedit,D:\FSE2021\dataSet\jedit-master\jedit-master\net\sourceforge\jarbundler\JarBundler.java,1301,p,p,project#fl#get#project,variableName,project,https://github.com/romuloceccon/jedit/blob/master/net/sourceforge/jarbundler/JarBundler.java#L1301,0,0,java FindCasualNames.main.smartExpander p p project#fl#get#project variableName project jedit
drjava,D:\FSE2021\dataSet\drjava-master\drjava-master\drjava\src\edu\rice\cs\drjava\model\AbstractGlobalModel.java,3852,prev,findPrevEnclosingBrace,int#opening#closing#find#prev#enclosing#barce,methodName,previous,https://github.com/DrJavaAtRice/drjava/blob/master/drjava/src/edu/rice/cs/drjava/model/AbstractGlobalModel.java#L3852,0,0,java FindCasualNames.main.smartExpander prev findPrevEnclosingBrace int#opening#closing#find#prev#enclosing#barce methodName previous drjava
drjava,D:\FSE2021\dataSet\drjava-master\drjava-master\drjava\src\edu\rice\cs\drjava\config\ConfigOptionListeners.java,110,nfe,nfe,number#format#exception,variableName,number format exception,https://github.com/DrJavaAtRice/drjava/blob/master/drjava/src/edu/rice/cs/drjava/config/ConfigOptionListeners.java#L110,0,0,java FindCasualNames.main.smartExpander nfe nfe number#format#exception variableName number format exception drjava
davmail,D:\FSE2021\dataSet\davmail-master\davmail-master\src\java\davmail\http\DavGatewayX509TrustManager.java,148,rdn,getRDN,string#principal,methodName,Relative Distinguished Name,https://github.com/mguessan/davmail/blob/master/src/java/davmail/http/DavGatewayX509TrustManager.java#L148,1,1,java FindCasualNames.main.smartExpander rdn getRDN string#principal methodName Relative Distinguished Name davmail
docfetcher,D:\FSE2021\dataSet\docfetcher-master\docfetcher-master\src\net\sourceforge\docfetcher\model\IndexRegistry.java,460,ser,serFile,file#index#dir#filename,variableName,serialization,https://github.com/vivainio/docfetcher/blob/master/src/net/sourceforge/docfetcher/model/IndexRegistry.java#L460,1,1,java FindCasualNames.main.smartExpander ser serFile file#index#dir#filename variableName serialization docfetcher
drjava,D:\FSE2021\dataSet\drjava-master\drjava-master\drjava\src\edu\rice\cs\drjava\model\definitions\DefinitionsEditorKit.java,160,ble,ble,catch#bad#location#exception,variableName,bad location exception,https://github.com/DrJavaAtRice/drjava/blob/master/drjava/src/edu/rice/cs/drjava/model/definitions/DefinitionsEditorKit.java#L160,0,0,java FindCasualNames.main.smartExpander ble ble catch#bad#location#exception variableName bad location exception drjava
docfetcher,D:\FSE2021\dataSet\docfetcher-master\docfetcher-master\src\net\contentobjects\jnotify\linux\JNotify_linux.java,211,msg,msg,string#debug,parameterName,message,https://github.com/vivainio/docfetcher/blob/master/src/net/contentobjects/jnotify/linux/JNotify_linux.java#L211,0,0,java FindCasualNames.main.smartExpander msg msg string#debug parameterName message docfetcher
dubbo,D:\FSE2021\dataSet\dubbo-master\dubbo-master\dubbo-common\src\test\java\org\apache\dubbo\common\extension\activate\ActivateExt1.java,23,ext,ActivateExt1,interface#activate#ext,className,extension,https://github.com/apache/dubbo/blob/master/dubbo-common/src/test/java/org/apache/dubbo/common/extension/activate/ActivateExt1.java#L23,1,1,java FindCasualNames.main.smartExpander ext ActivateExt1 interface#activate#ext className extension dubbo
docfetcher,D:\FSE2021\dataSet\docfetcher-master\docfetcher-master\src\net\sourceforge\docfetcher\gui\preview\HighlightingText.java,122,rgb,rgb,int#setting#conf#int#array,variableName,red green blue,https://github.com/vivainio/docfetcher/blob/master/src/net/sourceforge/docfetcher/gui/preview/HighlightingText.java#L122,1,1,java FindCasualNames.main.smartExpander rgb rgb int#setting#conf#int#array variableName red green blue docfetcher
drjava,D:\FSE2021\dataSet\drjava-master\drjava-master\drjava\src\edu\rice\cs\drjava\config\BooleanOption.java,40,def,def,boolean#key#boolean#option,parameterName,definition,https://github.com/DrJavaAtRice/drjava/blob/master/drjava/src/edu/rice/cs/drjava/config/BooleanOption.java#L40,0,0,java FindCasualNames.main.smartExpander def def boolean#key#boolean#option parameterName definition drjava
drjava,D:\FSE2021\dataSet\drjava-master\drjava-master\drjava\src\edu\rice\cs\drjava\model\definitions\DefinitionsEditorKit.java,169,b,b,boolean#nm#end#word#action,parameterName,boolean,https://github.com/DrJavaAtRice/drjava/blob/master/drjava/src/edu/rice/cs/drjava/model/definitions/DefinitionsEditorKit.java#L169,0,0,java FindCasualNames.main.smartExpander b b boolean#nm#end#word#action parameterName boolean drjava
davmail,D:\FSE2021\dataSet\davmail-master\davmail-master\src\java\davmail\caldav\CaldavConnection.java,384,v,getVCardVersion,get#card#version#request,methodName,version,https://github.com/mguessan/davmail/blob/master/src/java/davmail/caldav/CaldavConnection.java#L384,0,0,java FindCasualNames.main.smartExpander v getVCardVersion get#card#version#request methodName version davmail
docfetcher,D:\FSE2021\dataSet\docfetcher-master\docfetcher-master\src\net\sourceforge\docfetcher\util\ConfLoader.java,47,str,str,string#load,parameterName,string,https://github.com/vivainio/docfetcher/blob/master/src/net/sourceforge/docfetcher/util/ConfLoader.java#L47,0,0,java FindCasualNames.main.smartExpander str str string#load parameterName string docfetcher
jedit,D:\FSE2021\dataSet\jedit-master\jedit-master\org\gjt\sp\jedit\bsh\commands\dir.java,67,d,d,date#last#modified,variableName,date,https://github.com/romuloceccon/jedit/blob/master/org/gjt/sp/jedit/bsh/commands/dir.java#L67,0,0,java FindCasualNames.main.smartExpander d d date#last#modified variableName date jedit
jedit,D:\FSE2021\dataSet\jedit-master\jedit-master\de\masters_of_disaster\ant\tasks\ar\ArOutputStream.java,26,curr,currBytes,int#bytes,variableName,current,https://github.com/romuloceccon/jedit/blob/master/de/masters_of_disaster/ant/tasks/ar/ArOutputStream.java#L26,0,0,java FindCasualNames.main.smartExpander curr currBytes int#bytes variableName current jedit
jedit,D:\FSE2021\dataSet\jedit-master\jedit-master\org\gjt\sp\jedit\buffer\ContentManager.java,144,len,len,int#len#str#length,variableName,length,https://github.com/romuloceccon/jedit/blob/master/org/gjt/sp/jedit/buffer/ContentManager.java#L144,0,0,java FindCasualNames.main.smartExpander len len int#len#str#length variableName length jedit
davmail,D:\FSE2021\dataSet\davmail-master\davmail-master\src\test\davmail\exchange\TestExchangeSessionContact.java,99,baos,baos,byte#array#output#stream,variableName,byte array output stream,https://github.com/mguessan/davmail/blob/master/src/test/davmail/exchange/TestExchangeSessionContact.java#L99,0,0,java FindCasualNames.main.smartExpander baos baos byte#array#output#stream variableName byte array output stream davmail
dubbo,D:\FSE2021\dataSet\dubbo-master\dubbo-master\compiler\src\main\java\org\apache\dubbo\gen\AbstractGenerator.java,272,s,s,string#builder,variableName,string,https://github.com/apache/dubbo/blob/master/compiler/src/main/java/org/apache/dubbo/gen/AbstractGenerator.java#L272,0,0,java FindCasualNames.main.smartExpander s s string#builder variableName string dubbo
jedit,D:\FSE2021\dataSet\jedit-master\jedit-master\org\gjt\sp\jedit\browser\VFSBrowser.java,264,dwm,dwm,dockable#window#manager#view,variableName,dockable window manager,https://github.com/romuloceccon/jedit/blob/master/org/gjt/sp/jedit/browser/VFSBrowser.java#L264,0,0,java FindCasualNames.main.smartExpander dwm dwm dockable#window#manager#view variableName dockable window manager jedit
dubbo,D:\FSE2021\dataSet\dubbo-master\dubbo-master\dubbo-common\src\main\java\org\apache\dubbo\common\utils\ReflectUtils.java,156,cls,cls,class#is#primitives#boolean,parameterName,class,https://github.com/apache/dubbo/blob/master/dubbo-common/src/main/java/org/apache/dubbo/common/utils/ReflectUtils.java#L156,0,0,java FindCasualNames.main.smartExpander cls cls class#is#primitives#boolean parameterName class dubbo
davmail,D:\FSE2021\dataSet\davmail-master\davmail-master\src\java\davmail\ldap\HexDumpEncoder.java,96,buf,buf,byte#encode#atom#off,parameterName,buffer,https://github.com/mguessan/davmail/blob/master/src/java/davmail/ldap/HexDumpEncoder.java#L96,0,0,java FindCasualNames.main.smartExpander buf buf byte#encode#atom#off parameterName buffer davmail
jedit,D:\FSE2021\dataSet\jedit-master\jedit-master\installer\CBZip2InputStream.java,857,tmp,tmp,char,variableName,temporary,https://github.com/romuloceccon/jedit/blob/master/installer/CBZip2InputStream.java#L857,0,0,java FindCasualNames.main.smartExpander tmp tmp char variableName temporary jedit
davmail,D:\FSE2021\dataSet\davmail-master\davmail-master\src\java\davmail\ldap\BerEncoder.java,362,len,len,int#encode#length#exception,parameterName,length,https://github.com/mguessan/davmail/blob/master/src/java/davmail/ldap/BerEncoder.java#L362,0,0,java FindCasualNames.main.smartExpander len len int#encode#length#exception parameterName length davmail
dubbo,D:\FSE2021\dataSet\dubbo-master\dubbo-master\dubbo-common\src\main\java\org\apache\dubbo\common\URL.java,1932,l,l,long#parse#value,variableName,long,https://github.com/apache/dubbo/blob/master/dubbo-common/src/main/java/org/apache/dubbo/common/URL.java#L1932,0,0,java FindCasualNames.main.smartExpander l l long#parse#value variableName long dubbo
jedit,D:\FSE2021\dataSet\jedit-master\jedit-master\org\gjt\sp\jedit\browser\BrowserCommandsMenu.java,243,grp,grp,button#group,variableName,group,https://github.com/romuloceccon/jedit/blob/master/org/gjt/sp/jedit/browser/BrowserCommandsMenu.java#L243,0,0,java FindCasualNames.main.smartExpander grp grp button#group variableName group jedit
docfetcher,D:\FSE2021\dataSet\docfetcher-master\docfetcher-master\src\net\sourceforge\docfetcher\model\search\Searcher.java,425,uid,uid,string#unique#id,variableName,unique id,https://github.com/vivainio/docfetcher/blob/master/src/net/sourceforge/docfetcher/model/search/Searcher.java#L425,0,0,java FindCasualNames.main.smartExpander uid uid string#unique#id variableName unique id docfetcher
docfetcher,D:\FSE2021\dataSet\docfetcher-master\docfetcher-master\src\net\sourceforge\docfetcher\model\UtilModel.java,131,i,i,int,forVariableName,index,https://github.com/vivainio/docfetcher/blob/master/src/net/sourceforge/docfetcher/model/UtilModel.java#L131,0,0,java FindCasualNames.main.smartExpander i i int forVariableName index docfetcher
dubbo,D:\FSE2021\dataSet\dubbo-master\dubbo-master\dubbo-common\src\main\java\org\apache\dubbo\common\extension\ExtensionLoader.java,874,t,t,throwable#catch,variableName,throwable,https://github.com/apache/dubbo/blob/master/dubbo-common/src/main/java/org/apache/dubbo/common/extension/ExtensionLoader.java#L874,0,0,java FindCasualNames.main.smartExpander t t throwable#catch variableName throwable dubbo
docfetcher,D:\FSE2021\dataSet\docfetcher-master\docfetcher-master\src\net\sourceforge\docfetcher\gui\preview\HighlightingText.java,334,dist,dist,int#line#pixel#bottom,variableName,distance,https://github.com/vivainio/docfetcher/blob/master/src/net/sourceforge/docfetcher/gui/preview/HighlightingText.java#L334,0,0,java FindCasualNames.main.smartExpander dist dist int#line#pixel#bottom variableName distance docfetcher
davmail,D:\FSE2021\dataSet\davmail-master\davmail-master\src\java\davmail\exchange\dav\DavExchangeSession.java,333,cmd,getCmdBasePath,string#get#cmd#base#path,methodName,command,https://github.com/mguessan/davmail/blob/master/src/java/davmail/exchange/dav/DavExchangeSession.java#L333,0,0,java FindCasualNames.main.smartExpander cmd getCmdBasePath string#get#cmd#base#path methodName command davmail
jedit,D:\FSE2021\dataSet\jedit-master\jedit-master\installer\CBZip2OutputStream.java,504,f,f,output#stream#bs#set#stream,parameterName,file,https://github.com/romuloceccon/jedit/blob/master/installer/CBZip2OutputStream.java#L504,1,1,java FindCasualNames.main.smartExpander f f output#stream#bs#set#stream parameterName file jedit
davmail,D:\FSE2021\dataSet\davmail-master\davmail-master\src\java\davmail\http\KerberosHelper.java,200,init,internalInitSecContext,object#internal#sec#context#protocol#host#token,methodName,initialize,https://github.com/mguessan/davmail/blob/master/src/java/davmail/http/KerberosHelper.java#L200,0,0,java FindCasualNames.main.smartExpander init internalInitSecContext object#internal#sec#context#protocol#host#token methodName initialize davmail
dubbo,D:\FSE2021\dataSet\dubbo-master\dubbo-master\dubbo-common\src\main\java\org\apache\dubbo\common\URL.java,1517,inf,inf,string#utils#service#interface,variableName,interface,https://github.com/apache/dubbo/blob/master/dubbo-common/src/main/java/org/apache/dubbo/common/URL.java#L1517,0,0,java FindCasualNames.main.smartExpander inf inf string#utils#service#interface variableName interface dubbo
davmail,D:\FSE2021\dataSet\davmail-master\davmail-master\src\java\davmail\exchange\dav\ExchangePropPatchMethod.java,76,baos,baos,byte#array#output#stream,variableName,byte array output stream,https://github.com/mguessan/davmail/blob/master/src/java/davmail/exchange/dav/ExchangePropPatchMethod.java#L76,0,0,java FindCasualNames.main.smartExpander baos baos byte#array#output#stream variableName byte array output stream davmail
dubbo,D:\FSE2021\dataSet\dubbo-master\dubbo-master\dubbo-common\src\test\java\org\apache\dubbo\common\threadlocal\NamedInternalThreadFactoryTest.java,28,t,t,thread#named#internal#thread#factory,variableName,thread,https://github.com/apache/dubbo/blob/master/dubbo-common/src/test/java/org/apache/dubbo/common/threadlocal/NamedInternalThreadFactoryTest.java#L28,0,0,java FindCasualNames.main.smartExpander t t thread#named#internal#thread#factory variableName thread dubbo
davmail,D:\FSE2021\dataSet\davmail-master\davmail-master\src\java\davmail\caldav\CaldavConnection.java,1243,http,sendHttpResponse,send#response#status#io#exception,methodName,hypertext transfer protocol,https://github.com/mguessan/davmail/blob/master/src/java/davmail/caldav/CaldavConnection.java#L1243,0,0,java FindCasualNames.main.smartExpander http sendHttpResponse send#response#status#io#exception methodName hypertext transfer protocol davmail
drjava,D:\FSE2021\dataSet\drjava-master\drjava-master\drjava\src\edu\rice\cs\drjava\config\DrJavaPropertySetup.java,1108,v,v,string#values,forVariableName,value,https://github.com/DrJavaAtRice/drjava/blob/master/drjava/src/edu/rice/cs/drjava/config/DrJavaPropertySetup.java#L1108,0,0,java FindCasualNames.main.smartExpander v v string#values forVariableName value drjava
docfetcher,D:\FSE2021\dataSet\docfetcher-master\docfetcher-master\src\net\sourceforge\docfetcher\gui\KeyCodeTranslator.java,20,swt,swtModifiers,int#swt#modifiers,parameterName,swingwt,https://github.com/vivainio/docfetcher/blob/master/src/net/sourceforge/docfetcher/gui/KeyCodeTranslator.java#L20,1,1,java FindCasualNames.main.smartExpander swt swtModifiers int#swt#modifiers parameterName swingwt docfetcher
drjava,D:\FSE2021\dataSet\drjava-master\drjava-master\drjava\src\edu\rice\cs\drjava\DrJavaRoot.java,187,t,t,catch#throwable,variableName,throwable,https://github.com/DrJavaAtRice/drjava/blob/master/drjava/src/edu/rice/cs/drjava/DrJavaRoot.java#L187,0,0,java FindCasualNames.main.smartExpander t t catch#throwable variableName throwable drjava
drjava,D:\FSE2021\dataSet\drjava-master\drjava-master\drjava\src\edu\rice\cs\drjava\model\AbstractDJDocument.java,996,sel,selEnd,int#sel#start#reason#progress#monitor,parameterName,select,https://github.com/DrJavaAtRice/drjava/blob/master/drjava/src/edu/rice/cs/drjava/model/AbstractDJDocument.java#L996,1,1,java FindCasualNames.main.smartExpander sel selEnd int#sel#start#reason#progress#monitor parameterName select drjava
jedit,D:\FSE2021\dataSet\jedit-master\jedit-master\net\sourceforge\jarbundler\JarBundler.java,1300,fl,fl,file#list#exec#iter,variableName,file list,https://github.com/romuloceccon/jedit/blob/master/net/sourceforge/jarbundler/JarBundler.java#L1300,0,0,java FindCasualNames.main.smartExpander fl fl file#list#exec#iter variableName file list jedit
docfetcher,D:\FSE2021\dataSet\docfetcher-master\docfetcher-master\src\net\sourceforge\docfetcher\model\index\file\SolidArchiveTree.java,300,ext,htmlExt,string#program#conf#str#list#extensions,forVariableName,extensions,https://github.com/vivainio/docfetcher/blob/master/src/net/sourceforge/docfetcher/model/index/file/SolidArchiveTree.java#L300,0,0,java FindCasualNames.main.smartExpander ext htmlExt string#program#conf#str#list#extensions forVariableName extensions docfetcher
drjava,D:\FSE2021\dataSet\drjava-master\drjava-master\drjava\src\edu\rice\cs\drjava\model\AbstractGlobalModel.java,2577,e,e,catch#invalid#package#exception,variableName,exception,https://github.com/DrJavaAtRice/drjava/blob/master/drjava/src/edu/rice/cs/drjava/model/AbstractGlobalModel.java#L2577,0,0,java FindCasualNames.main.smartExpander e e catch#invalid#package#exception variableName exception drjava
drjava,D:\FSE2021\dataSet\drjava-master\drjava-master\drjava\src\edu\rice\cs\drjava\config\DrJavaPropertySetup.java,133,f,f,file#dir#name,variableName,file,https://github.com/DrJavaAtRice/drjava/blob/master/drjava/src/edu/rice/cs/drjava/config/DrJavaPropertySetup.java#L133,0,0,java FindCasualNames.main.smartExpander f f file#dir#name variableName file drjava
docfetcher,D:\FSE2021\dataSet\docfetcher-master\docfetcher-master\src\net\contentobjects\jnotify\macosx\JNotify_macosx.java,82,wd,wd,int#remove#watch,parameterName,watch data,https://github.com/vivainio/docfetcher/blob/master/src/net/contentobjects/jnotify/macosx/JNotify_macosx.java#L82,1,1,java FindCasualNames.main.smartExpander wd wd int#remove#watch parameterName watch data docfetcher
jedit,D:\FSE2021\dataSet\jedit-master\jedit-master\org\gjt\sp\jedit\BeanShell.java,530,t,t,handle#exception#view#strin#throwable,parameterName,throwable,https://github.com/romuloceccon/jedit/blob/master/org/gjt/sp/jedit/BeanShell.java#L530,0,0,java FindCasualNames.main.smartExpander t t handle#exception#view#strin#throwable parameterName throwable jedit
davmail,D:\FSE2021\dataSet\davmail-master\davmail-master\src\java\davmail\ui\tray\DavGatewayTray.java,397,x,x,int,variableName,x-axis,https://github.com/mguessan/davmail/blob/master/src/java/davmail/ui/tray/DavGatewayTray.java#L397,0,0,java FindCasualNames.main.smartExpander x x int variableName x-axis davmail
jedit,D:\FSE2021\dataSet\jedit-master\jedit-master\org\gjt\sp\jedit\buffer\JEditBuffer.java,1317,ctx,ctx,token#marker#line#context,variableName,context,https://github.com/romuloceccon/jedit/blob/master/org/gjt/sp/jedit/buffer/JEditBuffer.java#L1317,0,0,java FindCasualNames.main.smartExpander ctx ctx token#marker#line#context variableName context jedit
dubbo,D:\FSE2021\dataSet\dubbo-master\dubbo-master\dubbo-common\src\main\java\org\apache\dubbo\common\utils\MethodUtils.java,86,meta,isMetaMethod,boolean#is#method,methodName,metadata,https://github.com/apache/dubbo/blob/master/dubbo-common/src/main/java/org/apache/dubbo/common/utils/MethodUtils.java#L86,0,0,java FindCasualNames.main.smartExpander meta isMetaMethod boolean#is#method methodName metadata dubbo
davmail,D:\FSE2021\dataSet\davmail-master\davmail-master\archive\jsmooth-0.9.9-7-patch\src\net\charabia\jsmoothgen\application\ExeCompiler.java,255,i,i,i#pixels#length,forVariableName,index,https://github.com/mguessan/davmail/blob/master/archive/jsmooth-0.9.9-7-patch/src/net/charabia/jsmoothgen/application/ExeCompiler.java#L255,0,0,java FindCasualNames.main.smartExpander i i i#pixels#length forVariableName index davmail
jedit,D:\FSE2021\dataSet\jedit-master\jedit-master\installer\TarInputStream.java,47,buf,readBuf,read#byte,variableName,buffer,https://github.com/romuloceccon/jedit/blob/master/installer/TarInputStream.java#L47,0,0,java FindCasualNames.main.smartExpander buf readBuf read#byte variableName buffer jedit
drjava,D:\FSE2021\dataSet\drjava-master\drjava-master\drjava\src\edu\rice\cs\drjava\config\RecursiveFileListProperty.java,96,f,fStart,file#start,variableName,file,https://github.com/DrJavaAtRice/drjava/blob/master/drjava/src/edu/rice/cs/drjava/config/RecursiveFileListProperty.java#L96,0,0,java FindCasualNames.main.smartExpander f fStart file#start variableName file drjava
dubbo,D:\FSE2021\dataSet\dubbo-master\dubbo-master\dubbo-common\src\main\java\org\apache\dubbo\common\utils\StringUtils.java,484,ss,ss,string#is#any#empty,parameterName,strings,https://github.com/apache/dubbo/blob/master/dubbo-common/src/main/java/org/apache/dubbo/common/utils/StringUtils.java#L484,1,0,java FindCasualNames.main.smartExpander ss ss string#is#any#empty parameterName strings dubbo
jedit,D:\FSE2021\dataSet\jedit-master\jedit-master\installer\CBZip2OutputStream.java,489,c,c,int#bs#put#char,parameterName,char,https://github.com/romuloceccon/jedit/blob/master/installer/CBZip2OutputStream.java#L489,0,0,java FindCasualNames.main.smartExpander c c int#bs#put#char parameterName char jedit
docfetcher,D:\FSE2021\dataSet\docfetcher-master\docfetcher-master\src\net\sourceforge\docfetcher\model\index\file\HtmlFileLister.java,43,dir,parentDir,parent#file#lister,parameterName,directory,https://github.com/vivainio/docfetcher/blob/master/src/net/sourceforge/docfetcher/model/index/file/HtmlFileLister.java#L43,0,0,java FindCasualNames.main.smartExpander dir parentDir parent#file#lister parameterName directory docfetcher
dubbo,D:\FSE2021\dataSet\dubbo-master\dubbo-master\dubbo-compatible\src\main\java\com\alibaba\dubbo\rpc\RpcContext.java,61,rpc,newRpcContext,context#new,parameterName,regional playback control,https://github.com/apache/dubbo/blob/master/dubbo-compatible/src/main/java/com/alibaba/dubbo/rpc/RpcContext.java#L61,1,1,java FindCasualNames.main.smartExpander rpc newRpcContext context#new parameterName regional playback control dubbo
drjava,D:\FSE2021\dataSet\drjava-master\drjava-master\drjava\src\edu\rice\cs\drjava\model\AbstractDJDocument.java,562,prev,findPrevEnclosingBrace,pos#opening#closing,methodName,previous,https://github.com/DrJavaAtRice/drjava/blob/master/drjava/src/edu/rice/cs/drjava/model/AbstractDJDocument.java#L562,0,0,java FindCasualNames.main.smartExpander prev findPrevEnclosingBrace pos#opening#closing methodName previous drjava
jedit,D:\FSE2021\dataSet\jedit-master\jedit-master\org\gjt\sp\jedit\bsh\org\objectweb\asm\Type.java,557,m,m,method#get#method#descriptor#string,parameterName,method,https://github.com/romuloceccon/jedit/blob/master/org/gjt/sp/jedit/bsh/org/objectweb/asm/Type.java#L557,0,0,java FindCasualNames.main.smartExpander m m method#get#method#descriptor#string parameterName method jedit
jedit,D:\FSE2021\dataSet\jedit-master\jedit-master\org\gjt\sp\jedit\browser\VFSDirectoryEntryTable.java,603,dir,isDir,is#dir#node#entry#type#directory,variableName,directory,https://github.com/romuloceccon/jedit/blob/master/org/gjt/sp/jedit/browser/VFSDirectoryEntryTable.java#L603,0,0,java FindCasualNames.main.smartExpander dir isDir is#dir#node#entry#type#directory variableName directory jedit
davmail,D:\FSE2021\dataSet\davmail-master\davmail-master\src\java\davmail\http\HttpClientAdapter.java,221,inet,inetSocketAddress,inet#socket#address#proxy,variableName,internet,https://github.com/mguessan/davmail/blob/master/src/java/davmail/http/HttpClientAdapter.java#L221,0,0,java FindCasualNames.main.smartExpander inet inetSocketAddress inet#socket#address#proxy variableName internet davmail
docfetcher,D:\FSE2021\dataSet\docfetcher-master\docfetcher-master\src\net\sourceforge\docfetcher\build\BuildMain.java,164,dir,releaseDir,string#release#format#version,variableName,directory,https://github.com/vivainio/docfetcher/blob/master/src/net/sourceforge/docfetcher/build/BuildMain.java#L164,0,0,java FindCasualNames.main.smartExpander dir releaseDir string#release#format#version variableName directory docfetcher
docfetcher,D:\FSE2021\dataSet\docfetcher-master\docfetcher-master\src\net\sourceforge\docfetcher\model\search\Searcher.java,446,max,maxResults,int#results#web#query#page#index,variableName,maximum,https://github.com/vivainio/docfetcher/blob/master/src/net/sourceforge/docfetcher/model/search/Searcher.java#L446,0,0,java FindCasualNames.main.smartExpander max maxResults int#results#web#query#page#index variableName maximum docfetcher
dubbo,D:\FSE2021\dataSet\dubbo-master\dubbo-master\dubbo-cluster\src\test\java\org\apache\dubbo\rpc\cluster\support\AbstractClusterInvokerTest.java,173,l,l,load#balance#cluster#init#balance,variableName,load,https://github.com/apache/dubbo/blob/master/dubbo-cluster/src/test/java/org/apache/dubbo/rpc/cluster/support/AbstractClusterInvokerTest.java#L173,0,0,java FindCasualNames.main.smartExpander l l load#balance#cluster#init#balance variableName load dubbo
drjava,D:\FSE2021\dataSet\drjava-master\drjava-master\drjava\src\edu\rice\cs\drjava\config\DrJavaPropertySetup.java,1394,cp,cp,string#cps,forVariableName,classpath,https://github.com/DrJavaAtRice/drjava/blob/master/drjava/src/edu/rice/cs/drjava/config/DrJavaPropertySetup.java#L1394,1,1,java FindCasualNames.main.smartExpander cp cp string#cps forVariableName classpath drjava
jedit,D:\FSE2021\dataSet\jedit-master\jedit-master\org\gjt\sp\jedit\Buffer.java,337,vfs,vfs,vfs#managr#path,variableName,virtual file system,https://github.com/romuloceccon/jedit/blob/master/org/gjt/sp/jedit/Buffer.java#L337,1,1,java FindCasualNames.main.smartExpander vfs vfs vfs#managr#path variableName virtual file system jedit
drjava,D:\FSE2021\dataSet\drjava-master\drjava-master\drjava\src\edu\rice\cs\drjava\DrJavaRoot.java,281,se,se,catch#security#exception,variableName,security exception,https://github.com/DrJavaAtRice/drjava/blob/master/drjava/src/edu/rice/cs/drjava/DrJavaRoot.java#L281,0,0,java FindCasualNames.main.smartExpander se se catch#security#exception variableName security exception drjava
dubbo,D:\FSE2021\dataSet\dubbo-master\dubbo-master\dubbo-cluster\src\main\java\org\apache\dubbo\rpc\cluster\LoadBalance.java,48,url,url,url#list#invocation#rpc#exception#invoker,parameterName,uniform resource locator,https://github.com/apache/dubbo/blob/master/dubbo-cluster/src/main/java/org/apache/dubbo/rpc/cluster/LoadBalance.java#L48,0,0,java FindCasualNames.main.smartExpander url url url#list#invocation#rpc#exception#invoker parameterName uniform resource locator dubbo
jedit,D:\FSE2021\dataSet\jedit-master\jedit-master\org\gjt\sp\jedit\bsh\EvalError.java,136,ns,ns,name#space#stack#pop,variableName,name space,https://github.com/romuloceccon/jedit/blob/master/org/gjt/sp/jedit/bsh/EvalError.java#L136,0,0,java FindCasualNames.main.smartExpander ns ns name#space#stack#pop variableName name space jedit
dubbo,D:\FSE2021\dataSet\dubbo-master\dubbo-master\dubbo-common\src\main\java\org\apache\dubbo\common\utils\StringUtils.java,1087,pos,pos,char#sequence#int#decode#hex#byte,parameterName,position,https://github.com/apache/dubbo/blob/master/dubbo-common/src/main/java/org/apache/dubbo/common/utils/StringUtils.java#L1087,0,0,java FindCasualNames.main.smartExpander pos pos char#sequence#int#decode#hex#byte parameterName position dubbo
dubbo,D:\FSE2021\dataSet\dubbo-master\dubbo-master\dubbo-common\src\main\java\org\apache\dubbo\config\AbstractInterfaceConfig.java,685,config,getSslConfig,ssl#config,methodName,configuration,https://github.com/apache/dubbo/blob/master/dubbo-common/src/main/java/org/apache/dubbo/config/AbstractInterfaceConfig.java#L685,0,0,java FindCasualNames.main.smartExpander config getSslConfig ssl#config methodName configuration dubbo
docfetcher,D:\FSE2021\dataSet\docfetcher-master\docfetcher-master\src\net\sourceforge\docfetcher\util\Util.java,127,fs,fs,string#system#get#property#file#separator,variableName,file separator,https://github.com/vivainio/docfetcher/blob/master/src/net/sourceforge/docfetcher/util/Util.java#L127,0,0,java FindCasualNames.main.smartExpander fs fs string#system#get#property#file#separator variableName file separator docfetcher
docfetcher,D:\FSE2021\dataSet\docfetcher-master\docfetcher-master\src\net\sourceforge\docfetcher\gui\filter\FilesizePanel.java,173,min,minKB,long#file#size#unit#byte,variableName,minmum,https://github.com/vivainio/docfetcher/blob/master/src/net/sourceforge/docfetcher/gui/filter/FilesizePanel.java#L173,0,0,java FindCasualNames.main.smartExpander min minKB long#file#size#unit#byte variableName minmum docfetcher
drjava,D:\FSE2021\dataSet\drjava-master\drjava-master\drjava\src\edu\rice\cs\drjava\model\AbstractGlobalModel.java,2423,wd,wd,file#reset#interactions,parameterName,working directory,https://github.com/DrJavaAtRice/drjava/blob/master/drjava/src/edu/rice/cs/drjava/model/AbstractGlobalModel.java#L2423,1,1,java FindCasualNames.main.smartExpander wd wd file#reset#interactions parameterName working directory drjava
docfetcher,D:\FSE2021\dataSet\docfetcher-master\docfetcher-master\src\net\sourceforge\docfetcher\build\BuildMain.java,143,attr,attr,attribute,variableName,attribute,https://github.com/vivainio/docfetcher/blob/master/src/net/sourceforge/docfetcher/build/BuildMain.java#L143,0,0,java FindCasualNames.main.smartExpander attr attr attribute variableName attribute docfetcher
drjava,D:\FSE2021\dataSet\drjava-master\drjava-master\drjava\src\edu\rice\cs\drjava\model\AbstractGlobalModel.java,2552,cp,cp,iterable#set#extra#class#path,parameterName,class path,https://github.com/DrJavaAtRice/drjava/blob/master/drjava/src/edu/rice/cs/drjava/model/AbstractGlobalModel.java#L2552,0,0,java FindCasualNames.main.smartExpander cp cp iterable#set#extra#class#path parameterName class path drjava
dubbo,D:\FSE2021\dataSet\dubbo-master\dubbo-master\dubbo-common\src\main\java\org\apache\dubbo\config\AbstractInterfaceConfig.java,685,ssl,getSslConfig,ssl#config,methodName,secure socket layer,https://github.com/apache/dubbo/blob/master/dubbo-common/src/main/java/org/apache/dubbo/config/AbstractInterfaceConfig.java#L685,1,1,java FindCasualNames.main.smartExpander ssl getSslConfig ssl#config methodName secure socket layer dubbo
docfetcher,D:\FSE2021\dataSet\docfetcher-master\docfetcher-master\src\net\sourceforge\docfetcher\enums\MsgMigrator.java,64,sb,sb0,string#builder#,variableName,string builder,https://github.com/vivainio/docfetcher/blob/master/src/net/sourceforge/docfetcher/enums/MsgMigrator.java#L64,0,0,java FindCasualNames.main.smartExpander sb sb0 string#builder# variableName string builder docfetcher
drjava,D:\FSE2021\dataSet\drjava-master\drjava-master\drjava\src\edu\rice\cs\drjava\CommandLineTest.java,55,mf,_mf,main#frame,variableName,main frame,https://github.com/DrJavaAtRice/drjava/blob/master/drjava/src/edu/rice/cs/drjava/CommandLineTest.java#L55,0,0,java FindCasualNames.main.smartExpander mf _mf main#frame variableName main frame drjava
davmail,D:\FSE2021\dataSet\davmail-master\davmail-master\archive\jsmooth-0.9.9-7-patch\src\net\charabia\jsmoothgen\application\ExeCompiler.java,343,w,w,int#img#get#width,variableName,width,https://github.com/mguessan/davmail/blob/master/archive/jsmooth-0.9.9-7-patch/src/net/charabia/jsmoothgen/application/ExeCompiler.java#L343,0,0,java FindCasualNames.main.smartExpander w w int#img#get#width variableName width davmail
docfetcher,D:\FSE2021\dataSet\docfetcher-master\docfetcher-master\src\net\sourceforge\docfetcher\model\UtilModel.java,241,config,config,indexing#config#maybe#unpack#zip,parameterName,configuration,https://github.com/vivainio/docfetcher/blob/master/src/net/sourceforge/docfetcher/model/UtilModel.java#L241,0,0,java FindCasualNames.main.smartExpander config config indexing#config#maybe#unpack#zip parameterName configuration docfetcher
jedit,D:\FSE2021\dataSet\jedit-master\jedit-master\installer\CBZip2InputStream.java,848,pos,pos,char,variableName,position,https://github.com/romuloceccon/jedit/blob/master/installer/CBZip2InputStream.java#L848,0,0,java FindCasualNames.main.smartExpander pos pos char variableName position jedit
docfetcher,D:\FSE2021\dataSet\docfetcher-master\docfetcher-master\src\net\sourceforge\docfetcher\enums\SettingsConf.java,270,x,x,int#shell#bounds#y#width#height,parameterName,x-axis,https://github.com/vivainio/docfetcher/blob/master/src/net/sourceforge/docfetcher/enums/SettingsConf.java#L270,0,0,java FindCasualNames.main.smartExpander x x int#shell#bounds#y#width#height parameterName x-axis docfetcher
dubbo,D:\FSE2021\dataSet\dubbo-master\dubbo-master\dubbo-metadata\dubbo-metadata-api\src\main\java\org\apache\dubbo\metadata\definition\ServiceDefinitionBuilder.java,77,td,td,type#definition#builder,variableName,type definition,https://github.com/apache/dubbo/blob/27571a094e668aa87797d11283ab9f0ba383b3c3/dubbo-metadata/dubbo-metadata-api/src/main/java/org/apache/dubbo/metadata/definition/ServiceDefinitionBuilder.java#L77,0,0,java FindCasualNames.main.smartExpander td td type#definition#builder variableName type definition dubbo
davmail,D:\FSE2021\dataSet\davmail-master\davmail-master\src\java\davmail\ldap\HexDumpEncoder.java,153,num,numBytes,int,variableName,number,https://github.com/mguessan/davmail/blob/master/src/java/davmail/ldap/HexDumpEncoder.java#L153,0,0,java FindCasualNames.main.smartExpander num numBytes int variableName number davmail
dubbo,D:\FSE2021\dataSet\dubbo-master\dubbo-master\dubbo-common\src\main\java\org\apache\dubbo\common\utils\StringUtils.java,618,msg,msg,string#throwable#to#string,parameterName,message,https://github.com/apache/dubbo/blob/master/dubbo-common/src/main/java/org/apache/dubbo/common/utils/StringUtils.java#L618,0,0,java FindCasualNames.main.smartExpander msg msg string#throwable#to#string parameterName message dubbo
drjava,D:\FSE2021\dataSet\drjava-master\drjava-master\drjava\src\edu\rice\cs\drjava\model\debug\jpda\JPDABreakpoint.java,294,rs,rs,add#set#region#set#document,parameterName,region set,https://github.com/DrJavaAtRice/drjava/blob/master/drjava/src/edu/rice/cs/drjava/model/debug/jpda/JPDABreakpoint.java#L294,0,0,java FindCasualNames.main.smartExpander rs rs add#set#region#set#document parameterName region set drjava
jedit,D:\FSE2021\dataSet\jedit-master\jedit-master\net\sourceforge\jarbundler\PropertyListWriter.java,307,os,osTypes,list#types#document,variableName,operating system,https://github.com/romuloceccon/jedit/blob/master/net/sourceforge/jarbundler/PropertyListWriter.java#L307,0,1,java FindCasualNames.main.smartExpander os osTypes list#types#document variableName operating system jedit
dubbo,D:\FSE2021\dataSet\dubbo-master\dubbo-master\dubbo-common\src\main\java\org\apache\dubbo\common\utils\ConfigUtils.java,260,msg,errMsg,string#err#format,variableName,message,https://github.com/apache/dubbo/blob/master/dubbo-common/src/main/java/org/apache/dubbo/common/utils/ConfigUtils.java#L260,0,0,java FindCasualNames.main.smartExpander msg errMsg string#err#format variableName message dubbo
jedit,D:\FSE2021\dataSet\jedit-master\jedit-master\org\gjt\sp\jedit\bsh\BSHPrimarySuffix.java,183,msg,msg,string,variableName,message,https://github.com/romuloceccon/jedit/blob/master/org/gjt/sp/jedit/bsh/BSHPrimarySuffix.java#L183,0,0,java FindCasualNames.main.smartExpander msg msg string variableName message jedit
dubbo,D:\FSE2021\dataSet\dubbo-master\dubbo-master\dubbo-common\src\main\java\org\apache\dubbo\common\json\Yylex.java,456,num,numRead,int#reader,variableName,number,https://github.com/apache/dubbo/blob/master/dubbo-common/src/main/java/org/apache/dubbo/common/json/Yylex.java#L456,0,0,java FindCasualNames.main.smartExpander num numRead int#reader variableName number dubbo
drjava,D:\FSE2021\dataSet\drjava-master\drjava-master\drjava\src\edu\rice\cs\drjava\model\AbstractGlobalModel.java,4134,sel,sel,pair#integer#get#selection,variableName,selection,https://github.com/DrJavaAtRice/drjava/blob/master/drjava/src/edu/rice/cs/drjava/model/AbstractGlobalModel.java#L4134,0,0,java FindCasualNames.main.smartExpander sel sel pair#integer#get#selection variableName selection drjava
drjava,D:\FSE2021\dataSet\drjava-master\drjava-master\drjava\src\edu\rice\cs\drjava\model\AbstractGlobalModel.java,2552,cp,cp,iterable#set#extra#class#path,parameterName,class path,https://github.com/DrJavaAtRice/drjava/blob/master/drjava/src/edu/rice/cs/drjava/model/AbstractGlobalModel.java#L2552,0,0,java FindCasualNames.main.smartExpander cp cp iterable#set#extra#class#path parameterName class path drjava
dubbo,D:\FSE2021\dataSet\dubbo-master\dubbo-master\dubbo-common\src\main\java\org\apache\dubbo\common\threadpool\ThreadlessExecutor.java,142,t,t,throwable#notify#return,variableName,throwable,https://github.com/apache/dubbo/blob/master/dubbo-common/src/main/java/org/apache/dubbo/common/threadpool/ThreadlessExecutor.java#L142,0,0,java FindCasualNames.main.smartExpander t t throwable#notify#return variableName throwable dubbo
dubbo,D:\FSE2021\dataSet\dubbo-master\dubbo-master\dubbo-common\src\main\java\org\apache\dubbo\common\URLStrParser.java,216,param,addParam,boolean#add#str#encoded#name#start#value#start#temp,methodName,parameter,https://github.com/apache/dubbo/blob/master/dubbo-common/src/main/java/org/apache/dubbo/common/URLStrParser.java#L216,0,0,java FindCasualNames.main.smartExpander param addParam boolean#add#str#encoded#name#start#value#start#temp methodName parameter dubbo
dubbo,D:\FSE2021\dataSet\dubbo-master\dubbo-master\dubbo-cluster\src\main\java\org\apache\dubbo\rpc\cluster\merger\ArrayMerger.java,45,len,totalLen,int#total,variableName,length,https://github.com/apache/dubbo/blob/master/dubbo-cluster/src/main/java/org/apache/dubbo/rpc/cluster/merger/ArrayMerger.java#L45,0,0,java FindCasualNames.main.smartExpander len totalLen int#total variableName length dubbo
drjava,D:\FSE2021\dataSet\drjava-master\drjava-master\drjava\src\edu\rice\cs\drjava\config\ConfigOptionListeners.java,461,params,JavadocCustomParamsListener,javadoc#custom#listener#jframe#parent,methodName,parameters,https://github.com/DrJavaAtRice/drjava/blob/master/drjava/src/edu/rice/cs/drjava/config/ConfigOptionListeners.java#L461,0,0,java FindCasualNames.main.smartExpander params JavadocCustomParamsListener javadoc#custom#listener#jframe#parent methodName parameters drjava
davmail,D:\FSE2021\dataSet\davmail-master\davmail-master\src\java\davmail\ldap\BerDecoder.java,208,fb,fb,byte#buf#offset,variableName,first byte,https://github.com/mguessan/davmail/blob/master/src/java/davmail/ldap/BerDecoder.java#L208,1,1,java FindCasualNames.main.smartExpander fb fb byte#buf#offset variableName first byte davmail
dubbo,D:\FSE2021\dataSet\dubbo-master\dubbo-master\dubbo-cluster\src\main\java\org\apache\dubbo\rpc\cluster\configurator\parser\ConfigParser.java,180,i,i,int#interface#name#index#of,variableName,index,https://github.com/apache/dubbo/blob/master/dubbo-cluster/src/main/java/org/apache/dubbo/rpc/cluster/configurator/parser/ConfigParser.java#L180,0,0,java FindCasualNames.main.smartExpander i i int#interface#name#index#of variableName index dubbo
dubbo,D:\FSE2021\dataSet\dubbo-master\dubbo-master\dubbo-common\src\main\java\org\apache\dubbo\common\json\Yylex.java,456,num,numRead,int#reader,variableName,number,https://github.com/apache/dubbo/blob/master/dubbo-common/src/main/java/org/apache/dubbo/common/json/Yylex.java#L456,0,0,java FindCasualNames.main.smartExpander num numRead int#reader variableName number dubbo
docfetcher,D:\FSE2021\dataSet\docfetcher-master\docfetcher-master\src\net\contentobjects\jnotify\linux\JNotify_linux.java,152,wd,wd,int#callback#process#event#name#mask#cookie,parameterName,watch data,https://github.com/vivainio/docfetcher/blob/master/src/net/contentobjects/jnotify/linux/JNotify_linux.java#L152,1,1,java FindCasualNames.main.smartExpander wd wd int#callback#process#event#name#mask#cookie parameterName watch data docfetcher
jedit,D:\FSE2021\dataSet\jedit-master\jedit-master\org\gjt\sp\jedit\bsh\BSHTryStatement.java,137,cb,cb,bsh#block#catch#blocks#element,variableName,catch block,https://github.com/romuloceccon/jedit/blob/master/org/gjt/sp/jedit/bsh/BSHTryStatement.java#L137,0,0,java FindCasualNames.main.smartExpander cb cb bsh#block#catch#blocks#element variableName catch block jedit
dubbo,D:\FSE2021\dataSet\dubbo-master\dubbo-master\dubbo-common\src\test\java\org\apache\dubbo\common\config\InmemoryConfigurationTest.java,52,mem,testGetMemProperty,assertion#config#internal#property,methodName,memory,https://github.com/apache/dubbo/blob/master/dubbo-common/src/test/java/org/apache/dubbo/common/config/InmemoryConfigurationTest.java#L52,1,1,java FindCasualNames.main.smartExpander mem testGetMemProperty assertion#config#internal#property methodName memory dubbo
docfetcher,D:\FSE2021\dataSet\docfetcher-master\docfetcher-master\src\net\sourceforge\docfetcher\model\IndexRegistry.java,554,cmp,cmp,int#alphanum#comparator#ignore#case#instance#compare,variableName,comparator,https://github.com/vivainio/docfetcher/blob/master/src/net/sourceforge/docfetcher/model/IndexRegistry.java#L554,0,0,java FindCasualNames.main.smartExpander cmp cmp int#alphanum#comparator#ignore#case#instance#compare variableName comparator docfetcher
jedit,D:\FSE2021\dataSet\jedit-master\jedit-master\installer\ServerKiller.java,108,ioe,ioe,io#exception,variableName,ioexception,https://github.com/romuloceccon/jedit/blob/master/installer/ServerKiller.java#L108,0,0,java FindCasualNames.main.smartExpander ioe ioe io#exception variableName ioexception jedit
drjava,D:\FSE2021\dataSet\drjava-master\drjava-master\drjava\src\edu\rice\cs\drjava\model\AbstractGlobalModel.java,4135,pkg,pkg,string#df#get#package,variableName,package,https://github.com/DrJavaAtRice/drjava/blob/master/drjava/src/edu/rice/cs/drjava/model/AbstractGlobalModel.java#L4135,0,0,java FindCasualNames.main.smartExpander pkg pkg string#df#get#package variableName package drjava
drjava,D:\FSE2021\dataSet\drjava-master\drjava-master\drjava\src\edu\rice\cs\drjava\model\debug\jpda\EventHandlerThread.java,258,erm,erm,event#request#manager,variableName,event request manager,https://github.com/DrJavaAtRice/drjava/blob/master/drjava/src/edu/rice/cs/drjava/model/debug/jpda/EventHandlerThread.java#L258,0,0,java FindCasualNames.main.smartExpander erm erm event#request#manager variableName event request manager drjava
davmail,D:\FSE2021\dataSet\davmail-master\davmail-master\src\test\davmail\AbstractDavMailTestCase.java,121,baos,baos,byte#array#output#stream,variableName,byte array output stream,https://github.com/mguessan/davmail/blob/master/src/test/davmail/AbstractDavMailTestCase.java#L121,0,0,java FindCasualNames.main.smartExpander baos baos byte#array#output#stream variableName byte array output stream davmail
davmail,D:\FSE2021\dataSet\davmail-master\davmail-master\src\test\davmail\TestDavGateway.java,45,url,versionUrl,string#version,variableName,unifrom resource locator,https://github.com/mguessan/davmail/blob/8222e4d85d9474571d33cea2c8eacd72aa2a2fd0/src/test/davmail/TestDavGateway.java#L45,0,0,java FindCasualNames.main.smartExpander url versionUrl string#version variableName unifrom resource locator davmail
drjava,D:\FSE2021\dataSet\drjava-master\drjava-master\drjava\src\edu\rice\cs\drjava\model\debug\jpda\JPDADebugger.java,658,ste,ste,stack#trace#element,variableName,stack trace element,https://github.com/DrJavaAtRice/drjava/blob/master/drjava/src/edu/rice/cs/drjava/model/debug/jpda/JPDADebugger.java#L658,0,0,java FindCasualNames.main.smartExpander ste ste stack#trace#element variableName stack trace element drjava
drjava,D:\FSE2021\dataSet\drjava-master\drjava-master\drjava\src\edu\rice\cs\drjava\DrJavaRestart.java,55,f,f,file#delete,parameterName,file,https://github.com/DrJavaAtRice/drjava/blob/master/drjava/src/edu/rice/cs/drjava/DrJavaRestart.java#L55,0,0,java FindCasualNames.main.smartExpander f f file#delete parameterName file drjava
dubbo,D:\FSE2021\dataSet\dubbo-master\dubbo-master\dubbo-common\src\main\java\org\apache\dubbo\common\utils\ReflectUtils.java,156,cls,cls,class#is#primitives#boolean,parameterName,class,https://github.com/apache/dubbo/blob/master/dubbo-common/src/main/java/org/apache/dubbo/common/utils/ReflectUtils.java#L156,0,0,java FindCasualNames.main.smartExpander cls cls class#is#primitives#boolean parameterName class dubbo
drjava,D:\FSE2021\dataSet\drjava-master\drjava-master\drjava\src\edu\rice\cs\drjava\config\PropertyMaps.java,127,pm,pm,property#maps#drjava#property#value#get#lazy,parameterName,property maps,https://github.com/DrJavaAtRice/drjava/blob/master/drjava/src/edu/rice/cs/drjava/config/PropertyMaps.java#L127,0,0,java FindCasualNames.main.smartExpander pm pm property#maps#drjava#property#value#get#lazy parameterName property maps drjava
jedit,D:\FSE2021\dataSet\jedit-master\jedit-master\org\gjt\sp\jedit\buffer\JEditBuffer.java,2756,io,io,boolean,variableName,input output,https://github.com/romuloceccon/jedit/blob/master/org/gjt/sp/jedit/buffer/JEditBuffer.java#L2756,0,1,java FindCasualNames.main.smartExpander io io boolean variableName input output jedit
docfetcher,D:\FSE2021\dataSet\docfetcher-master\docfetcher-master\src\net\sourceforge\docfetcher\man\Manual.java,71,args,args,string#main#exception,parameterName,arguments,https://github.com/vivainio/docfetcher/blob/master/src/net/sourceforge/docfetcher/man/Manual.java#L71,0,0,java FindCasualNames.main.smartExpander args args string#main#exception parameterName arguments docfetcher
dubbo,D:\FSE2021\dataSet\dubbo-master\dubbo-master\dubbo-common\src\main\java\org\apache\dubbo\common\beanutil\JavaBeanSerializeUtil.java,313,m,m,method#cls#get,forVariableName,method,https://github.com/apache/dubbo/blob/master/dubbo-common/src/main/java/org/apache/dubbo/common/beanutil/JavaBeanSerializeUtil.java#L313,0,0,java FindCasualNames.main.smartExpander m m method#cls#get forVariableName method dubbo
davmail,D:\FSE2021\dataSet\davmail-master\davmail-master\archive\jsmooth-0.9.9-7-patch\src\net\charabia\util\codec\IcoCodec.java,228,dir,dir,icon#dir,variableName,directory,https://github.com/mguessan/davmail/blob/master/archive/jsmooth-0.9.9-7-patch/src/net/charabia/util/codec/IcoCodec.java#L228,0,0,java FindCasualNames.main.smartExpander dir dir icon#dir variableName directory davmail
drjava,D:\FSE2021\dataSet\drjava-master\drjava-master\drjava\src\edu\rice\cs\drjava\model\compiler\JavacCompiler.java,177,iae,iae,catch#illegal#access#exception,variableName,illegal access exception,https://github.com/DrJavaAtRice/drjava/blob/master/drjava/src/edu/rice/cs/drjava/model/compiler/JavacCompiler.java#L177,0,0,java FindCasualNames.main.smartExpander iae iae catch#illegal#access#exception variableName illegal access exception drjava
jedit,D:\FSE2021\dataSet\jedit-master\jedit-master\org\gjt\sp\jedit\BeanShell.java,65,bsh,bsh,bean#shell#facade,variableName,bean shell,https://github.com/romuloceccon/jedit/blob/master/org/gjt/sp/jedit/BeanShell.java#L65,0,0,java FindCasualNames.main.smartExpander bsh bsh bean#shell#facade variableName bean shell jedit
jedit,D:\FSE2021\dataSet\jedit-master\jedit-master\de\masters_of_disaster\ant\tasks\ar\ArOutputStream.java,26,curr,currBytes,int#bytes,variableName,current,https://github.com/romuloceccon/jedit/blob/master/de/masters_of_disaster/ant/tasks/ar/ArOutputStream.java#L26,0,0,java FindCasualNames.main.smartExpander curr currBytes int#bytes variableName current jedit
docfetcher,D:\FSE2021\dataSet\docfetcher-master\docfetcher-master\src\net\sourceforge\docfetcher\util\gui\dialog\ListConfirmDialog.java,123,bts,okCancelBts,button#ok#cancel#util#swap,variableName,button,https://github.com/vivainio/docfetcher/blob/master/src/net/sourceforge/docfetcher/util/gui/dialog/ListConfirmDialog.java#L123,0,0,java FindCasualNames.main.smartExpander bts okCancelBts button#ok#cancel#util#swap variableName button docfetcher
docfetcher,D:\FSE2021\dataSet\docfetcher-master\docfetcher-master\src\net\sourceforge\docfetcher\model\index\file\FileFactoryTest.java,77,abs,absPath,string#path#util,variableName,absolute,https://github.com/vivainio/docfetcher/blob/master/src/net/sourceforge/docfetcher/model/index/file/FileFactoryTest.java#L77,0,0,java FindCasualNames.main.smartExpander abs absPath string#path#util variableName absolute docfetcher
davmail,D:\FSE2021\dataSet\davmail-master\davmail-master\src\java\davmail\imap\ImapConnection.java,1838,b,b,int#write#io#exception,parameterName,body,https://github.com/mguessan/davmail/blob/master/src/java/davmail/imap/ImapConnection.java#L1838,1,1,java FindCasualNames.main.smartExpander b b int#write#io#exception parameterName body davmail
dubbo,D:\FSE2021\dataSet\dubbo-master\dubbo-master\dubbo-filter\dubbo-filter-cache\src\main\java\org\apache\dubbo\cache\support\expiring\ExpiringMap.java,139,obj,obj,object#equals,parameterName,object,https://github.com/apache/dubbo/blob/master/dubbo-filter/dubbo-filter-cache/src/main/java/org/apache/dubbo/cache/support/expiring/ExpiringMap.java#L139,0,0,java FindCasualNames.main.smartExpander obj obj object#equals parameterName object dubbo
dubbo,D:\FSE2021\dataSet\dubbo-master\dubbo-master\dubbo-common\src\main\java\org\apache\dubbo\common\compiler\support\ClassUtils.java,182,v,v,long#boxed#value#of,parameterName,value,https://github.com/apache/dubbo/blob/master/dubbo-common/src/main/java/org/apache/dubbo/common/compiler/support/ClassUtils.java#L182,0,0,java FindCasualNames.main.smartExpander v v long#boxed#value#of parameterName value dubbo
dubbo,D:\FSE2021\dataSet\dubbo-master\dubbo-master\dubbo-config\dubbo-config-api\src\main\java\org\apache\dubbo\config\bootstrap\DubboBootstrap.java,1379,ssl,ssl,ssl#config#manager,variableName,secure socket layer,https://github.com/apache/dubbo/blob/master/dubbo-config/dubbo-config-api/src/main/java/org/apache/dubbo/config/bootstrap/DubboBootstrap.java#L1379,1,1,java FindCasualNames.main.smartExpander ssl ssl ssl#config#manager variableName secure socket layer dubbo
dubbo,D:\FSE2021\dataSet\dubbo-master\dubbo-master\dubbo-common\src\main\java\org\apache\dubbo\common\URL.java,1966,n,n,number#get#cache#number#method#key,variableName,number,https://github.com/apache/dubbo/blob/master/dubbo-common/src/main/java/org/apache/dubbo/common/URL.java#L1966,0,0,java FindCasualNames.main.smartExpander n n number#get#cache#number#method#key variableName number dubbo
drjava,D:\FSE2021\dataSet\drjava-master\drjava-master\drjava\src\edu\rice\cs\drjava\model\AbstractGlobalModel.java,4258,prev,prev,open#definitions#document#navigator#previous,variableName,previous,https://github.com/DrJavaAtRice/drjava/blob/master/drjava/src/edu/rice/cs/drjava/model/AbstractGlobalModel.java#L4258,0,0,java FindCasualNames.main.smartExpander prev prev open#definitions#document#navigator#previous variableName previous drjava
davmail,D:\FSE2021\dataSet\davmail-master\davmail-master\src\java\davmail\AbstractConnection.java,114,os,os,output#stream,variableName,output stream,https://github.com/mguessan/davmail/blob/master/src/java/davmail/AbstractConnection.java#L114,0,0,java FindCasualNames.main.smartExpander os os output#stream variableName output stream davmail
docfetcher,D:\FSE2021\dataSet\docfetcher-master\docfetcher-master\src\net\sourceforge\docfetcher\model\index\file\TestUnpackFromZip.java,90,fh,file header,file#header#next#archive,variableName,file header,https://github.com/vivainio/docfetcher/blob/master/src/net/sourceforge/docfetcher/model/index/file/TestUnpackFromZip.java#L90,0,0,java FindCasualNames.main.smartExpander fh file header file#header#next#archive variableName file header docfetcher
jedit,D:\FSE2021\dataSet\jedit-master\jedit-master\installer\CBZip2InputStream.java,703,len,minLen,int#min,parameterName,length,https://github.com/romuloceccon/jedit/blob/master/installer/CBZip2InputStream.java#L703,0,0,java FindCasualNames.main.smartExpander len minLen int#min parameterName length jedit
jedit,D:\FSE2021\dataSet\jedit-master\jedit-master\org\gjt\sp\jedit\bsh\classpath\ClassManagerImpl.java,311,cp,cp,url#set#class#path,parameterName,class path,https://github.com/romuloceccon/jedit/blob/master/org/gjt/sp/jedit/bsh/classpath/ClassManagerImpl.java#L311,0,0,java FindCasualNames.main.smartExpander cp cp url#set#class#path parameterName class path jedit
drjava,D:\FSE2021\dataSet\drjava-master\drjava-master\drjava\src\edu\rice\cs\drjava\model\cache\DDReconstructor.java,58,dl,dl,document#listener#add,parameterName,document listener,https://github.com/DrJavaAtRice/drjava/blob/master/drjava/src/edu/rice/cs/drjava/model/cache/DDReconstructor.java#L58,0,0,java FindCasualNames.main.smartExpander dl dl document#listener#add parameterName document listener drjava
dubbo,D:\FSE2021\dataSet\dubbo-master\dubbo-master\dubbo-common\src\main\java\org\apache\dubbo\common\io\Bytes.java,425,str,str,string#hex#bytes,parameterName,string,https://github.com/apache/dubbo/blob/master/dubbo-common/src/main/java/org/apache/dubbo/common/io/Bytes.java#L425,0,0,java FindCasualNames.main.smartExpander str str string#hex#bytes parameterName string dubbo
dubbo,D:\FSE2021\dataSet\dubbo-master\dubbo-master\dubbo-common\src\test\java\org\apache\dubbo\common\utils\StackTest.java,31,ops,testOps,test#ops#exception,methodName,options,https://github.com/apache/dubbo/blob/master/dubbo-common/src/test/java/org/apache/dubbo/common/utils/StackTest.java#L31,1,1,java FindCasualNames.main.smartExpander ops testOps test#ops#exception methodName options dubbo
dubbo,D:\FSE2021\dataSet\dubbo-master\dubbo-master\dubbo-common\src\main\java\org\apache\dubbo\common\io\Bytes.java,437,hex,hex2bytes,string#off#len#byte,methodName,hexadecimal,https://github.com/apache/dubbo/blob/master/dubbo-common/src/main/java/org/apache/dubbo/common/io/Bytes.java#L437,0,1,java FindCasualNames.main.smartExpander hex hex2bytes string#off#len#byte methodName hexadecimal dubbo
drjava,D:\FSE2021\dataSet\drjava-master\drjava-master\drjava\src\edu\rice\cs\drjava\DrJava.java,603,pb,pb,process#builder#get#absolute#path,variableName,process builder,https://github.com/DrJavaAtRice/drjava/blob/master/drjava/src/edu/rice/cs/drjava/DrJava.java#L603,0,0,java FindCasualNames.main.smartExpander pb pb process#builder#get#absolute#path variableName process builder drjava
davmail,D:\FSE2021\dataSet\davmail-master\davmail-master\src\test\davmail\exchange\TestExchangeSessionCalendar.java,136,cal,cal,calendar#get#instance,variableName,calendar,https://github.com/mguessan/davmail/blob/master/src/test/davmail/exchange/TestExchangeSessionCalendar.java#L136,0,0,java FindCasualNames.main.smartExpander cal cal calendar#get#instance variableName calendar davmail
docfetcher,D:\FSE2021\dataSet\docfetcher-master\docfetcher-master\src\net\sourceforge\docfetcher\model\parse\ParseServiceTest.java,73,odt,odtFile,file#test#files,variableName,online difital terms,https://github.com/vivainio/docfetcher/blob/master/src/net/sourceforge/docfetcher/model/parse/ParseServiceTest.java#L73,1,1,java FindCasualNames.main.smartExpander odt odtFile file#test#files variableName online difital terms docfetcher
dubbo,D:\FSE2021\dataSet\dubbo-master\dubbo-master\dubbo-common\src\main\java\org\apache\dubbo\common\json\Yylex.java,465,c,c,int#reader,variableName,character,https://github.com/apache/dubbo/blob/master/dubbo-common/src/main/java/org/apache/dubbo/common/json/Yylex.java#L465,1,1,java FindCasualNames.main.smartExpander c c int#reader variableName character dubbo
docfetcher,D:\FSE2021\dataSet\docfetcher-master\docfetcher-master\src\net\sourceforge\docfetcher\model\parse\RtfParser.java,28,rtf,RtfParser,parser#stream,className,rich text file,https://github.com/vivainio/docfetcher/blob/master/src/net/sourceforge/docfetcher/model/parse/RtfParser.java#L28,1,1,java FindCasualNames.main.smartExpander rtf RtfParser parser#stream className rich text file docfetcher
docfetcher,D:\FSE2021\dataSet\docfetcher-master\docfetcher-master\src\net\sourceforge\docfetcher\gui\filter\FilesizeTest.java,32,l,l2,long#assert#equals,parameterName,long,https://github.com/vivainio/docfetcher/blob/master/src/net/sourceforge/docfetcher/gui/filter/FilesizeTest.java#L32,0,0,java FindCasualNames.main.smartExpander l l2 long#assert#equals parameterName long docfetcher
docfetcher,D:\FSE2021\dataSet\docfetcher-master\docfetcher-master\src\net\sourceforge\docfetcher\model\UtilModel.java,124,dst,dstPath,string#path,parameterName,destination,https://github.com/vivainio/docfetcher/blob/master/src/net/sourceforge/docfetcher/model/UtilModel.java#L124,1,1,java FindCasualNames.main.smartExpander dst dstPath string#path parameterName destination docfetcher
dubbo,D:\FSE2021\dataSet\dubbo-master\dubbo-master\dubbo-cluster\src\main\java\org\apache\dubbo\rpc\cluster\support\MergeableClusterInvoker.java,101,r,r,result#async#result#get,variableName,result,https://github.com/apache/dubbo/blob/master/dubbo-cluster/src/main/java/org/apache/dubbo/rpc/cluster/support/MergeableClusterInvoker.java#L101,0,0,java FindCasualNames.main.smartExpander r r result#async#result#get variableName result dubbo
docfetcher,D:\FSE2021\dataSet\docfetcher-master\docfetcher-master\src\net\sourceforge\docfetcher\gui\UtilGui.java,135,alt,alt,boolean#state#mask,variableName,alternate,https://github.com/vivainio/docfetcher/blob/master/src/net/sourceforge/docfetcher/gui/UtilGui.java#L135,1,1,java FindCasualNames.main.smartExpander alt alt boolean#state#mask variableName alternate docfetcher
davmail,D:\FSE2021\dataSet\davmail-master\davmail-master\src\test\davmail\caldav\TestCaldavRecurringEvent.java,53,cal,cal,get#zulu#formatted#date#time,parameterName,calendar,https://github.com/mguessan/davmail/blob/master/src/test/davmail/caldav/TestCaldavRecurringEvent.java#L53,0,1,java FindCasualNames.main.smartExpander cal cal get#zulu#formatted#date#time parameterName calendar davmail
drjava,D:\FSE2021\dataSet\drjava-master\drjava-master\drjava\src\edu\rice\cs\drjava\model\AbstractDJDocument.java,562,prev,findPrevEnclosingBrace,pos#opening#closing,methodName,previous,https://github.com/DrJavaAtRice/drjava/blob/master/drjava/src/edu/rice/cs/drjava/model/AbstractDJDocument.java#L562,0,0,java FindCasualNames.main.smartExpander prev findPrevEnclosingBrace pos#opening#closing methodName previous drjava
docfetcher,D:\FSE2021\dataSet\docfetcher-master\docfetcher-master\src\net\sourceforge\docfetcher\gui\indexing\PatternTable.java,233,sel,sel,pattern#action#table#viewer#get#selection,variableName,selection,https://github.com/vivainio/docfetcher/blob/master/src/net/sourceforge/docfetcher/gui/indexing/PatternTable.java#L233,0,0,java FindCasualNames.main.smartExpander sel sel pattern#action#table#viewer#get#selection variableName selection docfetcher
jedit,D:\FSE2021\dataSet\jedit-master\jedit-master\org\gjt\sp\jedit\bsh\classpath\BshClassPath.java,629,wr,wr,weak#reference#next#element,variableName,weak reference,https://github.com/romuloceccon/jedit/blob/master/org/gjt/sp/jedit/bsh/classpath/BshClassPath.java#L629,0,0,java FindCasualNames.main.smartExpander wr wr weak#reference#next#element variableName weak reference jedit
docfetcher,D:\FSE2021\dataSet\docfetcher-master\docfetcher-master\src\net\sourceforge\docfetcher\gui\indexing\ConfigPanel.java,118,bt,resetBt,button#reset#util#create#push,variableName,button,https://github.com/vivainio/docfetcher/blob/master/src/net/sourceforge/docfetcher/gui/indexing/ConfigPanel.java#L118,0,0,java FindCasualNames.main.smartExpander bt resetBt button#reset#util#create#push variableName button docfetcher
jedit,D:\FSE2021\dataSet\jedit-master\jedit-master\org\gjt\sp\jedit\bsh\BshClassManager.java,369,cl,externalCL,class#loader#set#external,parameterName,class loader,https://github.com/romuloceccon/jedit/blob/master/org/gjt/sp/jedit/bsh/BshClassManager.java#L369,0,0,java FindCasualNames.main.smartExpander cl externalCL class#loader#set#external parameterName class loader jedit
dubbo,D:\FSE2021\dataSet\dubbo-master\dubbo-master\dubbo-common\src\main\java\org\apache\dubbo\common\URL.java,1918,f,f,float#parse#value,variableName,float,https://github.com/apache/dubbo/blob/master/dubbo-common/src/main/java/org/apache/dubbo/common/URL.java#L1918,0,0,java FindCasualNames.main.smartExpander f f float#parse#value variableName float dubbo
